data;fase;views;likes;comentarios;compartilhamentos;tema;categoria
2024-03-27;filiacao;9300;389;144;0;Filiação ao Progressistas (PP);filiacao
2024-03-27;pre-campanha;1500;32;2;0;Convocação: sessão ordinária 27/03;administrativo
2024-04-01;pre-campanha;1500;38;2;0;Convocação: sessão extraordinária 01/04;administrativo
2024-04-08;pre-campanha;2300;100;5;0;Vídeo 92, esclarecimentos sessão extraordinária 01/04;administrativo
2024-04-10;pre-campanha;1500;30;4;0;Convocação: sessão ordinária 10/04;administrativo
2024-05-12;pre-campanha;2000;247;25;0;Parabéns, professora Sílvia (feliz dia das mães);data-comemorativa
2024-08-13;campanha;9800;324;99;1;Nossos entes queridos merecem mais dignidade (proposta cemitério);proposta
2024-08-26;campanha;9600;192;27;0;Uma nova esperança com Hugo Luiz e Cleber Bianchi (loja/comércio);coligacao
2024-08-27;campanha;11700;273;38;0;Juventude experiente: credenciais de Cleber Bianchi;coligacao
2024-08-29;campanha;9900;262;29;0;Apoio da bancada federal e estadual (2º post);coligacao
2024-08-31;campanha;17000;381;37;0;Alfredo Chaves é 11 (repost da caminhada);evento
2024-04-18;pre-campanha;1500;52;0;0;Vídeo 93, esclarecimentos sessão 10/04;administrativo
2024-04-23;pre-campanha;5000;158;17;1;Agendas nos gabinetes dos deputados federais (Brasília);evento
2024-04-29;pre-campanha;637;53;3;0;Vídeo 94, esclarecimentos sessão 22/04;administrativo
2024-05-27;pre-campanha;8800;171;16;1;PLCL 002/2024, isenção de IPTU para vítimas de enchentes;proposta
2024-07-16;pre-campanha;5000;154;23;0;#TáNaMídia: rodovia sem pavimentação trava desenvolvimento;resposta-ataque
2024-05-30;pre-campanha;13000;625;91;0;Quem sou eu (depoimento pessoal);testemunho
2024-04-17;lancamento;4100;71;5;0;Convite: espero vocês amanhã (Cachoeira Piripitinga);evento
2024-06-07;lancamento;6400;298;64;0;Lançamento: decisão muito clara pela autonomia municipal;evento
2024-06-19;lancamento;1500;35;1;0;Convocação: sessão ordinária 19/06;administrativo
2024-07-05;campanha;12300;266;20;0;Muitos de nós descendemos da Itália (herança cultural);data-comemorativa
2024-07-10;campanha;23900;118;20;0;Não sou novato no assunto de gestão pública;resposta-ataque
2024-07-20;campanha;7200;279;58;0;Raízes fortes, bons frutos (propostas de governo);proposta
2024-08-04;campanha;5900;191;20;1;Homenagem a Darcy Bonella (falecimento);evento
2024-05-01;campanha;7500;201;16;0;Registro da convenção partidária;evento
2024-08-07;campanha;6200;175;17;0;Escolha partidária é clara e transparente;resposta-ataque
2024-08-08;campanha;10400;330;48;2;Compromisso de renovação de 100% do secretariado;proposta
2024-08-09;campanha;4900;62;29;0;Não disfarce as deficiências (crítica a adversário);resposta-ataque
2024-08-10;campanha;4400;92;4;4;Reintegrar a saúde à Grande Vitória e o turismo;proposta
2024-08-11;campanha;18900;144;20;0;Crianças com TEA merecem olhar atento do poder público;proposta
2024-04-02;pre-campanha;4000;179;17;0;Ofício 001/2024, auxílio transporte escolar;administrativo
2024-04-10;pre-campanha;2500;75;4;0;Sessão ordinária (vereador);administrativo
2024-04-22;pre-campanha;1500;27;2;0;Sessão ordinária;administrativo
2024-04-23;pre-campanha;5100;185;32;1;Viagem a Brasília, pleito de recursos;evento
2024-04-24;pre-campanha;18900;567;101;0;Registro viagem a Brasília;evento
2024-05-06;pre-campanha;9500;415;122;0;Hugo Luiz lidera pesquisa (matéria Aqui Notícias);midia
2024-05-15;pre-campanha;655;37;0;0;Esclarecimentos sessão ordinária;administrativo
2024-05-16;pre-campanha;7200;251;33;0;Reunião pré-candidatos PP/Republicanos;coligacao
2024-05-22;pre-campanha;2900;35;4;0;Sessão ordinária;administrativo
2024-05-29;pre-campanha;2900;121;4;1;Esclarecimentos sessão ordinária;administrativo
2024-06-04;pre-campanha;8800;31;4;0;Sessão ordinária;administrativo
2024-06-05;pre-campanha;13000;300;31;0;Convite: espero vocês em breve (Cachoeira Piripitinga);administrativo
2024-06-07;lancamento;11600;479;124;2;Lançamento da pré-candidatura (discurso);evento
2024-06-08;lancamento;6200;359;11;0;Lançamento da pré-candidatura (registro do evento);evento
2024-06-09;lancamento;9600;310;19;0;Alfredo Chaves merece liderança nova;proposta
2024-06-12;lancamento;8000;85;12;0;Repercussão na mídia do lançamento;midia
2024-06-14;lancamento;900;85;6;0;Sessão ordinária;administrativo
2024-06-19;lancamento;20600;260;38;0;Não acredite em conversa fiada;resposta-ataque
2024-06-20;lancamento;10700;91;12;0;Convite reunião com comerciantes;evento
2024-06-26;lancamento;4300;174;16;0;Esclarecimentos sessão ordinária;administrativo
2024-07-16;campanha;18400;306;60;0;Carreira baseada em fiscalização;proposta
2024-07-26;campanha;7000;194;35;0;Dia Mundial da Agricultura Familiar;data-comemorativa
2024-07-29;campanha;5100;418;12;1;49ª Festa da Banana e do Leite;evento
2024-08-01;campanha;22300;313;37;0;Política bem feita atende a população;proposta
2024-08-02;campanha;7000;118;22;0;Convite convenção partidária;evento
2024-08-03;campanha;11300;536;152;2;Anúncio do vice-prefeito Cleber Bianchi;coligacao
2024-07-26;campanha;16100;207;22;0;Convite convenção partidária Progressistas;evento
2024-08-06;campanha;6800;269;69;0;"Convenção: ""é ouro para Alfredo Chaves""";evento
2024-08-11;campanha;4900;373;16;0;Feliz dia dos pais;data-comemorativa
2024-08-15;campanha;16200;354;100;6;Chega de promessas vazias (sinalização de trânsito);resposta-ataque
2024-08-16;campanha;14900;310;130;0;Reunião comunitária, renovação política;evento
2024-08-17;campanha;9800;361;60;3;Uma nova esperança para Alfredo Chaves (chapa);proposta
2024-08-18;campanha;6300;210;6;0;Festa de São Roque em Iritimirim;evento
2024-08-18;campanha;7300;250;4;0;Festa em São Roque de Maravilha e Assunta;evento
2024-08-20;campanha;9200;291;85;0;Verão chegando, bem-estar de crianças;proposta
2024-08-20;campanha;15900;234;53;0;Chapa de vereadores do PSDB;coligacao
2024-08-24;campanha;11400;288;82;0;Mudança tá próxima (inauguração de comitê);evento
2024-08-24;campanha;11400;137;25;1;Chamado da mudança;proposta
2024-08-25;campanha;8500;283;16;0;Apoio do deputado Evair de Melo;coligacao
2024-08-25;campanha;14600;302;81;0;"Rally de rua, ""Alfredo Chaves é 11""";evento
2024-08-25;campanha;10100;359;13;0;Festa da comunidade de Carolina (distrito de Matilde);evento
2024-08-25;campanha;7900;231;21;0;Caravana de carros pelo interior;evento
2024-08-25;campanha;4900;149;5;0;Visita à companhia de Lurdes Galina e Edmilson Bottechia;evento
2024-08-25;campanha;6100;184;18;0;A mulherada vem aí (mobilização feminina);evento
2024-08-25;campanha;8900;291;31;0;Encontro de mulheres com a deputada Raquel Lessa;evento
2024-08-29;campanha;33600;366;77;1;IPTU Doce IPTU: chega de fazer a população de boba;resposta-ataque
2024-08-30;campanha;8300;184;22;0;Caminhada com o futuro;evento
2024-08-31;campanha;9200;209;12;1;Caminhada de rua com bandeiras;evento
2024-08-31;campanha;12000;477;44;10;Caminhada de rua (casal com bandeiras);evento
2024-08-31;campanha;9900;380;60;0;Progressistas (marca oficial do partido);coligacao
2024-08-31;campanha;7200;278;70;1;Assembleia já sabe o número (11);coligacao
2024-09-03;reta-final;15100;389;107;0;Deixa o menino trabalhar;resposta-ataque
2024-09-04;reta-final;10800;203;20;0;A alegria (vídeo comunidade);evento
2024-09-05;reta-final;4800;296;34;0;Feliz dia do irmão;data-comemorativa
2024-09-06;reta-final;9000;182;40;0;Repercussão pesquisa Instituto Veritá;pesquisa
2024-09-06;reta-final;8000;260;77;1;Dias para votar no prefeito mais jovem do ES;contagem-regressiva
2024-09-07;reta-final;5500;80;15;0;Feliz 7 de Setembro;data-comemorativa
2024-09-08;reta-final;7100;136;1;0;Olá amigos de Alfredo;evento
2024-09-09;reta-final;10300;140;10;0;Caminhada no Centro (convite);evento
2024-09-12;reta-final;9900;400;69;1;Aula de democracia e cidadania (idosos);evento
2024-09-13;reta-final;39400;280;31;1;Propostas de saúde alfredense;proposta
2024-09-13;reta-final;14000;446;32;2;Sexta de alegria (carreata);evento
2024-09-16;reta-final;11500;246;42;8;Coligação Renovação e Juventude;coligacao
2024-09-17;reta-final;13700;206;45;1;Meu voto é secreto, mas haverá sinais;resposta-ataque
2024-09-18;reta-final;5300;82;0;0;Parabéns professores (2º lugar IDEB);proposta
2024-09-19;reta-final;8900;278;52;0;Depoimento eleitor (Darli);testemunho
2024-09-22;reta-final;11500;257;31;4;Pesquisa suspensa (Instituto Direta);pesquisa
2024-09-23;reta-final;9600;176;36;2;Depoimento Edimilson Bottechia;testemunho
2024-09-25;reta-final;56500;678;60;14;Pesquisa: Boteccia 25,4% (2º), Boldrini 11,5% (3º);pesquisa
2024-09-24;reta-final;8000;300;36;0;4 mil seguidores no Instagram;marco
2024-09-25;reta-final;7600;207;8;12;Cobertura especial Eleições 2024 (pesquisa);pesquisa
2024-09-25;reta-final;34300;452;39;1;Apoio do presidente da Assembleia Legislativa;coligacao
2024-09-26;reta-final;13100;475;42;4;"Discurso de rua ""Eu tenho""";evento
2024-09-27;reta-final;9500;189;9;2;Pesquisa estimulada: Hugo Luiz 51,2%;pesquisa
2024-09-27;reta-final;13000;128;6;0;Propostas de segurança pública;proposta
2024-09-29;reta-final;11500;133;8;2;Para votar 11 com pressão (contagem regressiva);contagem-regressiva
2024-10-01;reta-final;5700;110;9;8;5 dias para votar 11;contagem-regressiva
2024-10-02;reta-final;11800;341;1;5;Caminhada bairro Santa Terezinha;evento
2024-10-02;reta-final;10900;146;11;15;Candidatos a vereador do Republicanos;coligacao
2024-10-02;reta-final;11600;151;5;10;Candidatos a vereador do Progressistas;coligacao
2024-10-03;reta-final;15200;34;77;0;Matéria ES Agora: 67% acredita em vitória;midia
2024-10-03;reta-final;11100;315;5;5;Bairro da Cachoeirinha;evento
2024-10-04;reta-final;14800;376;12;8;Visitas Ipanema e Ouro Branco;evento
2024-10-04;reta-final;31800;872;113;258;Muito obrigado por cada abraço (véspera);testemunho
2024-10-05;reta-final;17200;341;25;26;Nota de felicidade: amanhã é dia de mudar a história;marco
2024-10-05;reta-final;12500;291;3;9;Último vídeo da campanha;evento
2024-10-06;resultado;12700;446;21;12;Parabéns, prefeito eleito!;resultado
2024-10-06;resultado;25000;922;62;19;Celebração nas ruas (registro 1);resultado
2024-10-06;resultado;41200;1218;106;158;Celebração nas ruas (registro 2);resultado
2024-10-06;resultado;31000;1627;191;23;Muito obrigado pelos 5.779 votos;resultado
2024-08-30;campanha;7700;225;30;0;O povo quer, ninguém segura, Hugo Luiz na prefeitura (repost);evento
2024-09-04;reta-final;7500;96;8;0;Convite: Roda de Conversa com a Terceira Idade;evento
2024-09-05;reta-final;76800;345;64;0;Pesquisa: Hugo Luiz com 57,4% de intenção de voto;pesquisa
2024-05-08;pre-campanha;1500;24;2;0;Convocação: sessão ordinária 08/05 (2º post);administrativo
2024-09-25;reta-final;7000;208;21;0;Depoimento de eleitora;testemunho
2024-09-26;reta-final;7400;159;8;9;Coordenadora de campanha;evento
2024-09-26;reta-final;5100;116;13;0;Depoimento de jovem eleitor no carro;testemunho
2024-09-27;reta-final;8300;207;15;0;Discurso a produtores rurais;proposta
2024-09-29;reta-final;10300;271;40;3;Depoimento da professora Francisca;testemunho
2024-09-29;reta-final;9600;221;16;6;Depoimento de jovem eleitora;testemunho
2024-09-30;reta-final;4600;94;0;0;Parceria com Erick Musso (Republicanos);coligacao
2024-09-30;reta-final;8900;208;9;6;Parceria esportiva (Ícone);coligacao
2024-10-01;reta-final;13500;391;8;9;Visita ao bairro Imigrantes;evento
2024-10-01;reta-final;17000;344;39;48;O aumento abusivo do IPTU te custou caro;resposta-ataque
2024-10-01;reta-final;14200;988;82;4;Homenagem por diploma no Legislativo;marco
2024-10-02;reta-final;2900;86;2;3;4 dias para votar 11;contagem-regressiva
2024-10-02;reta-final;10600;152;19;12;Conheça nossos candidatos a vereador do PSDB;coligacao
2024-10-02;reta-final;7100;203;19;27;Vídeo com criança;evento
2024-10-03;reta-final;4600;85;4;5;3 dias para votar 11;contagem-regressiva
2024-10-03;reta-final;10600;196;16;51;Bom dia população (saúde);proposta
2024-10-03;reta-final;24400;533;46;76;Pesquisa: Hugo Luiz com 61,7% de intenção de voto;pesquisa
2024-10-03;reta-final;5400;147;9;5;2 dias para votar 11;contagem-regressiva
2024-10-04;reta-final;9900;218;16;19;Depoimento de Fabiana;testemunho
2024-10-04;reta-final;8300;173;3;9;Para mudar, digite 11 (com deputado);proposta
2024-09-09;reta-final;8100;115;6;0;Propostas de saúde e família;proposta
2024-09-09;reta-final;12700;104;13;0;Caminhada confirmada com deputado federal;evento
2024-09-12;reta-final;11500;183;21;0;Coligação Renovação e Juventude (terceira idade);coligacao
2024-09-13;reta-final;41100;365;64;1;Proposta de saneamento básico;proposta
2024-09-13;reta-final;8400;340;27;0;O povo quer Hugo Luiz na prefeitura;evento
2024-09-13;reta-final;24400;636;98;1;Celebração de rua;evento
2024-09-13;reta-final;9600;182;27;1;Apoio do deputado Messias Donato;coligacao
2024-09-13;reta-final;8800;604;61;0;Estamos quebrando as algemas;proposta
2024-09-13;reta-final;10000;270;41;0;Caminhada;evento
2024-09-13;reta-final;12100;137;15;1;Propostas de educação;proposta
2024-09-16;reta-final;19500;480;77;3;Situação da rodovia ES-376;proposta
2024-09-17;reta-final;10700;210;24;0;Reforma do Clube Tororoma;proposta
2024-09-18;reta-final;5500;132;13;1;Propostas de saúde;proposta
2024-09-19;reta-final;8900;279;46;0;Depoimento de jovem eleitor;testemunho
2024-09-19;reta-final;9700;217;57;0;Comunidade Sagrada Família;evento
2024-09-23;reta-final;8100;240;50;2;Depoimento de Aninha Sartori;testemunho
2024-09-23;reta-final;7600;164;21;0;Propostas para a agricultura;proposta
2024-09-24;reta-final;7400;261;41;0;Depoimento em vídeo;testemunho
2024-09-24;reta-final;5200;142;20;0;Depoimento de Francisco Gottardo;testemunho
2024-09-24;reta-final;11500;381;33;5;Somos 11 (com deputado federal);coligacao
2024-09-24;reta-final;13100;548;37;2;Visita ao Sicoob;evento
2024-09-25;reta-final;6500;206;24;0;Dias para votar no 11;contagem-regressiva
